,order_id,itemno,game_id,game_price
0,1,1,440380,5.99
1,1,2,470470,11.51
2,1,3,107800,9.99
3,2,1,56431,0.99
4,3,1,3320,4.99
5,3,2,436550,7.99
6,3,3,472740,4.99
7,3,4,591070,1.99
8,4,1,523870,9.99
9,4,2,8141,29.95
10,4,3,280220,14.99
11,4,4,486008,1.99
12,5,1,319080,19.99
13,5,2,535830,9.99
14,5,3,10596,6.95
15,5,4,5139,2.98
16,6,1,65300,9.99
17,6,2,384490,29.99
18,6,3,520440,29.99
19,7,1,115220,4.99
20,8,1,926490,9.99
21,9,1,504390,12.99
22,9,2,634012,1.99
23,9,3,436470,0.0
24,9,4,919170,0.0
25,9,5,749600,0.99
26,10,1,317280,19.99
27,10,2,442860,4.99
28,11,1,605333,1.99
29,11,2,908070,14.99
30,11,3,230210,0.0
31,11,4,210934,7.99
32,12,1,318792,14.99
33,12,2,940600,1.99
34,12,3,546780,0.99
35,12,4,492200,3.99
36,13,1,980630,0.0
37,13,2,844090,2.99
38,13,3,650250,4.99
39,13,4,828612,0.99
40,14,1,436577,2.99
41,14,2,812940,3.99
42,14,3,802360,1.99
43,15,1,334280,14.99
44,15,2,656530,19.99
45,15,3,214700,4.99
46,16,1,332350,9.99
47,16,2,732030,4.99
48,16,3,200,5.99
49,17,1,408410,0.0
50,17,2,213610,9.99
51,17,3,85452,14.99
52,17,4,944870,0.99
53,17,5,559350,4.99
54,18,1,50940,9.99
55,18,2,245174,1.99
56,18,3,856148,2.99
57,19,1,598022,9.99
58,19,2,16600,9.99
59,19,3,438660,4.99
60,19,4,428710,1.99
61,20,1,1700,4.99
62,20,2,658800,17.01
63,21,1,1057670,0.0
64,21,2,1010000,0.99
65,21,3,325988,19.99
66,21,4,923340,9.99
67,21,5,1066190,29.99
68,22,1,959760,3.99
69,22,2,549030,1.49
70,22,3,316080,4.99
71,23,1,645820,71.26
72,23,2,506850,19.99
73,23,3,788060,7.99
74,23,4,9927,1.81
75,23,5,1067450,4.99
76,24,1,832550,0.99
77,24,2,467010,0.0
78,24,3,1060900,4.99
79,24,4,818590,14.99
80,24,5,353050,1.99
81,25,1,694790,6.99
82,25,2,919680,9.99
83,26,1,9532,14.43
84,26,2,461030,1.99
85,26,3,900330,4.99
86,27,1,435120,1.99
87,27,2,618050,56.59
88,28,1,4483,17.6
89,28,2,577640,13.99
90,28,3,696930,10.47
91,28,4,315110,4.99
92,29,1,299800,9.99
93,29,2,324120,0.0
94,29,3,1003870,9.99
95,29,4,591499,156.23
96,30,1,993220,2.99
97,30,2,496300,14.99
98,30,3,1041,10.43
99,30,4,407080,0.0
100,31,1,343840,6.99
101,31,2,513190,9.99
102,31,3,817901,4.99
103,32,1,679860,0.99
104,32,2,420100,19.99
105,32,3,1004600,0.99
106,33,1,440980,0.0
107,33,2,355830,14.99
108,33,3,605954,7.99
109,34,1,231465,2.99
110,34,2,406580,0.99
111,34,3,865810,0.0
112,34,4,887120,9.99
113,34,5,849305,2.99
114,35,1,971995,2.99
115,35,2,607720,14.99
116,35,3,892295,4.99
117,35,4,243,25.56
118,36,1,668970,2.99
119,36,2,337050,0.0
120,36,3,673610,15.99
121,36,4,424870,4.99
122,37,1,905200,0.99
123,37,2,434061,14.99
124,37,3,897330,0.0
125,37,4,748010,2.99
126,38,1,914030,0.0
127,39,1,823260,4.99
128,39,2,1257,7.99
129,39,3,24055,19.99
130,40,1,8141,29.95
131,40,2,501510,3.99
132,40,3,474960,39.99
133,40,4,641450,19.99
134,41,1,320361,2.99
135,42,1,1080950,19.99
136,42,2,2477,4.96
137,42,3,933850,0.0
138,42,4,821450,49.99
139,43,1,321478,10.99
140,43,2,9918,19.08
141,43,3,604,44.16
142,44,1,250360,29.99
143,44,2,576300,3.99
144,44,3,904190,19.99
145,44,4,893170,2.99
146,45,1,215922,0.99
147,45,2,813,28.22
148,45,3,347400,59.99
149,45,4,324190,19.99
150,45,5,2528,9.29
151,46,1,423600,4.99
152,46,2,1029570,0.0
153,46,3,586140,39.99
154,47,1,428630,4.99
155,47,2,277650,4.99
156,47,3,976030,6.99
157,47,4,887730,10.99
158,47,5,1003790,1.99
159,48,1,621210,9.99
160,48,2,444970,9.99
161,48,3,661270,1.99
162,48,4,3010,8.0
163,49,1,1074370,3.34
164,49,2,1057690,0.0
165,49,3,668610,0.0
166,50,1,676890,0.0
167,51,1,414235,5.99
168,51,2,603030,1.99
169,52,1,342240,1.99
170,52,2,231478,1.99
171,53,1,290040,9.99
172,54,1,1009310,4.99
173,54,2,206100,2.99
174,54,3,1685,11.98
175,54,4,247020,9.99
176,54,5,340140,9.99
177,55,1,1077390,4.49
178,55,2,451920,3.99
179,55,3,276440,2.99
180,55,4,258815,1.99
181,56,1,894050,1.99
182,56,2,558870,24.99
183,57,1,988370,0.99
184,57,2,514490,0.99
185,57,3,579020,24.98
186,57,4,2981,4.99
187,57,5,35420,0.0
188,58,1,327210,4.99
189,58,2,201210,0.0
190,58,3,838900,0.0
191,59,1,631560,18.99
192,59,2,825710,44.99
193,59,3,550930,3.99
194,59,4,721711,100.98
195,60,1,342190,24.99
196,60,2,454040,3.99
197,60,3,270790,4.99
198,60,4,850710,0.0
199,60,5,801480,0.0
200,61,1,436150,0.0
201,61,2,812850,0.99
202,61,3,845500,6.99
203,61,4,1032440,5.99
204,62,1,432330,5.99
205,62,2,613830,14.99
206,62,3,871420,14.99
207,62,4,241430,9.99
208,62,5,591062,3.99
209,63,1,377040,14.99
210,63,2,314950,4.99
211,63,3,355170,5.99
212,64,1,440450,9.99
213,64,2,681000,1.99
214,65,1,264120,0.0
215,66,1,529930,9.99
216,66,2,432630,0.99
217,67,1,761130,1.99
218,67,2,386200,4.99
219,67,3,713420,14.99
220,67,4,658290,1.99
221,68,1,1044040,0.0
222,68,2,320400,4.99
223,68,3,532621,4.99
224,69,1,2407,6.73
225,69,2,492958,2.99
226,69,3,359350,9.99
227,70,1,222091,2.99
228,70,2,614960,0.99
229,70,3,380220,19.99
230,71,1,335620,14.99
231,71,2,513096,4.99
232,71,3,9442,25.56
233,71,4,842520,1.99
234,72,1,896780,11.99
235,72,2,814140,4.99
236,72,3,587660,0.0
237,72,4,558990,19.99
238,73,1,365620,14.99
239,73,2,705390,0.89
240,74,1,413680,0.0
241,74,2,428561,10.99
242,74,3,689040,4.99
243,74,4,660400,4.99
244,74,5,734400,1.99
245,75,1,427730,4.99
246,76,1,926240,2.99
247,76,2,920780,10.16
248,76,3,673320,2.99
249,77,1,508650,0.0
250,77,2,1037160,24.99
251,77,3,503690,9.99
252,77,4,740260,1.99
253,77,5,763270,49.99
254,78,1,435450,0.0
255,78,2,1054110,9.99
256,79,1,11163,19.95
257,80,1,365860,2.99
258,80,2,359090,7.99
259,81,1,665330,9.99
260,81,2,891450,0.99
261,82,1,958790,9.22
262,83,1,757130,0.0
263,83,2,9623,32.98
264,83,3,390720,14.99
265,83,4,838190,0.0
266,83,5,520720,9.99
267,84,1,770480,1.39
268,84,2,263100,0.0
269,84,3,390424,2.99
270,84,4,888516,14.99
271,85,1,396490,0.0
272,85,2,318780,0.0
273,85,3,208284,3.99
274,86,1,761000,0.0
275,87,1,493410,4.99
276,87,2,721131,3.99
277,88,1,409193,7.99
278,88,2,588050,2.99
279,88,3,231482,1.99
280,89,1,1056870,1.99
281,89,2,899884,7.99
282,89,3,824090,0.0
283,89,4,1007840,0.0
284,90,1,895510,0.0
285,90,2,289024,12.99
286,90,3,700750,9.99
287,91,1,243950,39.99
288,91,2,1037750,12.74
289,91,3,1055010,2.99
290,91,4,70503,39.99
291,91,5,974302,0.0
292,92,1,37310,6.99
293,92,2,961740,6.99
294,93,1,976520,0.99
295,93,2,1056900,1.99
296,93,3,980630,0.0
297,94,1,584096,3.99
298,94,2,64014,1.99
299,94,3,870510,4.99
300,94,4,677180,19.99
301,95,1,401090,149.98
302,95,2,577100,0.99
303,95,3,750920,0.0
304,95,4,927720,2.99
305,96,1,272040,3.99
306,97,1,875500,1.99
307,97,2,222090,2.99
308,98,1,275800,4.99
309,99,1,658278,1.99
310,100,1,637830,2.99
311,101,1,569717,7.99
312,101,2,499620,2.49
313,102,1,12500,9.99
314,102,2,924900,10.99
315,102,3,412210,4.99
316,102,4,549950,9.99
317,103,1,591812,19.99
318,103,2,910660,2.99
319,104,1,939590,23.28
320,104,2,953900,8.99
321,104,3,475470,7.99
322,104,4,959610,7.99
323,104,5,1036990,9.15
324,105,1,899857,2.99
325,105,2,845340,0.99
326,105,3,899784,2.99
327,106,1,348070,4.99
328,106,2,233270,14.99
329,106,3,600610,0.0
330,106,4,820590,4.99
331,107,1,377030,29.99
332,107,2,456280,4.99
333,108,1,553290,4.99
334,108,2,9245,59.47
335,108,3,970410,0.99
336,108,4,755830,0.99
337,109,1,773120,0.99
338,109,2,1005971,14.99
339,110,1,704286,39.99
340,110,2,969656,19.99
341,110,3,1060440,0.49
342,111,1,746050,1.99
343,111,2,65720,8.99
344,111,3,721119,3.99
345,111,4,361630,0.0
346,112,1,334750,9.99
347,112,2,876410,2.99
348,113,1,436850,9.99
349,114,1,55382,6.99
350,114,2,935140,0.0
351,114,3,748360,59.99
352,114,4,564790,11.99
353,114,5,767510,33.58
354,115,1,750342,2.99
355,115,2,372100,0.99
356,116,1,818220,9.99
357,117,1,621830,39.99
358,117,2,483980,4.99
359,117,3,752180,0.0
360,118,1,618670,3.99
361,118,2,833980,7.99
362,119,1,898690,0.99
363,119,2,107310,2.99
364,119,3,878660,0.99
365,119,4,923360,4.99
366,119,5,512060,9.99
367,120,1,930870,13.62
368,121,1,818570,0.99
369,122,1,576613,2.99
370,122,2,332380,14.99
371,122,3,1043360,0.99
372,122,4,899887,2.99
373,123,1,589300,7.99
374,123,2,224180,1.64
375,123,3,301640,44.99
376,123,4,739210,0.99
377,123,5,460790,19.99
378,124,1,940370,13.26
379,124,2,1070220,0.0
380,125,1,406220,9.99
381,125,2,390376,2.99
382,125,3,626570,4.99
383,125,4,585240,1.02
384,126,1,753001,49.99
385,127,1,356540,2.39
386,127,2,639620,7.99
387,128,1,325723,6.69
388,128,2,1090550,6.99
389,128,3,525240,49.99
390,128,4,531131,4.99
391,129,1,958381,8.99
392,130,1,395920,3.99
393,130,2,1056620,20.25
394,130,3,314570,4.99
395,130,4,727670,9.99
396,131,1,1006950,6.99
397,131,2,795060,2.99
398,131,3,934850,0.0
399,131,4,48720,9.99
400,131,5,408680,7.99
401,132,1,1058960,1.99
402,132,2,816120,3.99
403,133,1,1075350,0.0
404,133,2,218510,0.0
405,133,3,378270,0.99
406,133,4,238240,14.99
407,133,5,667090,2.99
408,134,1,437740,3.99
409,134,2,862070,9.99
410,134,3,5750,22.4
411,135,1,448200,4.99
412,135,2,953300,11.99
413,135,3,718130,14.99
414,135,4,842820,2.99
415,135,5,903246,0.0
416,136,1,837170,1.28
417,136,2,6021,14.38
418,136,3,1036020,1.99
419,136,4,612100,7.99
420,137,1,915730,3.99
421,137,2,898420,0.0
422,138,1,724740,0.99
423,138,2,462290,11.99
424,138,3,530070,29.99
425,138,4,869280,2.99
426,139,1,503950,9.99
427,139,2,943844,9.99
428,140,1,409490,4.99
429,140,2,753809,2.99
430,140,3,362970,0.0
431,140,4,330010,0.0
432,140,5,252950,19.99
433,141,1,734580,0.0
434,141,2,767190,34.99
435,141,3,477800,0.0
436,141,4,836610,1.99
437,141,5,10970,13.97
438,142,1,1035260,2.99
439,142,2,346450,0.99
440,143,1,865810,0.0
441,144,1,347103,5.99
442,144,2,605490,6.99
443,144,3,279112,0.99
444,144,4,994260,0.0
445,144,5,894730,1.99
446,145,1,877750,2.7
447,145,2,476530,24.99
448,145,3,519280,2.99
449,145,4,229270,9.99
450,146,1,410490,6.99
451,146,2,1031520,0.0
452,147,1,90210,6.99
453,148,1,686740,13.99
454,148,2,1032510,3.99
455,148,3,781520,4.99
456,148,4,438260,8.99
457,148,5,974300,1.99
458,149,1,331920,9.99
459,150,1,725620,2.99
460,150,2,914480,19.99
461,150,3,1101630,0.0
462,151,1,843760,9.99
463,152,1,578920,6.99
464,152,2,7797,89.98
465,152,3,259000,0.0
466,153,1,909360,0.0
467,153,2,705920,0.99
468,153,3,434,4.99
469,153,4,404630,4.99
470,154,1,952230,0.0
471,154,2,1058110,0.49
472,154,3,375120,4.99
473,154,4,8701,12.99
474,155,1,48700,19.99
475,155,2,410810,0.0
476,155,3,304130,0.0
477,155,4,643695,4.99
478,155,5,490220,0.0
479,156,1,3888,11.57
480,156,2,957906,0.0
481,157,1,1046820,1.99
482,157,2,388800,14.99
483,157,3,527360,6.99
484,158,1,822750,1.99
485,158,2,858370,0.99
486,158,3,929000,4.99
487,158,4,854210,0.0
488,159,1,1024050,3.99
489,160,1,318100,4.99
490,160,2,932400,6.99
491,160,3,864150,4.99
492,160,4,618460,12.99
493,160,5,793541,24.99
494,161,1,315540,9.99
495,161,2,923160,0.99
496,161,3,558680,0.0
497,162,1,536573,14.99
498,162,2,533050,4.99
499,162,3,10337,33.3
500,162,4,292660,4.99
501,163,1,711550,4.99
502,163,2,949491,9.99
503,164,1,345040,0.0
504,164,2,314570,4.99
505,164,3,969090,4.99
506,164,4,1060510,0.0
507,165,1,1093190,0.99
508,165,2,546960,0.99
509,165,3,720680,14.99
510,165,4,722690,7.99
511,165,5,234786,1.99
512,166,1,387290,19.99
513,166,2,416370,4.99
514,166,3,848040,1.99
515,167,1,1027,11.97
516,167,2,953140,0.99
517,167,3,939190,1.99
518,167,4,242960,6.99
519,167,5,789240,6.99
520,168,1,39540,9.99
521,168,2,18408,4.99
522,168,3,246360,2.99
523,168,4,523890,0.0
524,169,1,844060,0.0
525,169,2,676890,0.0
526,169,3,450500,11.99
527,169,4,214870,19.99
528,169,5,915390,0.99
529,170,1,392320,0.0
530,170,2,940680,0.0
531,171,1,212672,14.99
532,171,2,906810,0.0
533,172,1,6174,106.32
534,173,1,991773,39.99
535,174,1,448980,0.0
536,174,2,995170,5.99
537,174,3,884620,2.99
538,174,4,546670,0.0
539,175,1,438831,0.0
540,175,2,611640,3.99
541,175,3,573120,19.99
542,175,4,935940,1.99
543,175,5,623000,2.99
544,176,1,437590,4.99
545,177,1,629020,1.99
546,177,2,276890,7.99
547,178,1,492974,2.99
548,178,2,202970,1.02
549,179,1,405860,9.99
550,179,2,397090,5.99
551,180,1,470170,7.99
552,180,2,231487,1.99
553,180,3,596821,4.99
554,180,4,43005,3.99
555,181,1,823590,0.0
556,181,2,1045590,0.0
557,181,3,748520,3.99
558,182,1,465520,0.0
559,182,2,378540,29.99
560,183,1,312750,15.99
561,183,2,107300,2.99
562,183,3,343464,14.99
563,184,1,682180,7.99
564,185,1,690260,2.99
565,185,2,1022449,5.99
566,186,1,977920,0.0
567,186,2,818340,7.99
568,187,1,834470,0.99
569,187,2,878680,0.99
570,187,3,808720,4.99
571,188,1,719070,6.99
572,188,2,953050,9.99
573,188,3,646210,2.99
574,189,1,24028,24.99
575,189,2,407190,19.99
576,190,1,982750,1.99
577,191,1,871640,0.99
578,191,2,306530,19.99
579,191,3,263,34.25
580,191,4,619720,0.49
581,192,1,426630,4.99
582,193,1,283980,6.99
583,193,2,418040,4.84
584,193,3,935180,40.25
585,193,4,404680,19.99
586,194,1,692150,1.99
587,194,2,206144,2.99
588,194,3,616260,3.99
589,194,4,969710,4.99
590,194,5,911170,1.99
591,195,1,248590,0.0
592,195,2,758350,0.0
593,195,3,810320,0.99
594,195,4,943844,9.99
595,196,1,1020430,2.99
596,196,2,500170,12.99
597,196,3,496610,1.99
598,196,4,998580,0.99
599,197,1,1057264,1.99
600,197,2,666730,8.99
601,197,3,239160,19.99
602,198,1,8205,46.77
603,198,2,437750,1.99
604,198,3,801510,2.99
605,198,4,672160,1.99
606,198,5,799310,29.99
607,199,1,231,36.52
608,199,2,773300,24.99
609,199,3,973860,8.99
610,200,1,384220,1.99
611,200,2,825370,4.99
612,200,3,516580,5.99
613,200,4,337350,6.99
614,200,5,1039720,0.0
615,201,1,637845,2.99
616,201,2,983380,0.0
617,202,1,524172,34.99
618,202,2,514590,0.0
619,202,3,418566,2.99
620,203,1,1102880,0.0
621,203,2,1043890,3.99
622,203,3,246251,1.99
623,203,4,1012560,9.99
624,204,1,687251,19.99
625,205,1,4041,207.51
626,205,2,316541,89.99
627,206,1,901020,4.99
628,207,1,389400,3.99
629,207,2,355060,19.99
630,208,1,537161,2.99
631,208,2,63650,9.99
632,209,1,728110,0.0
633,209,2,968920,17.99
634,209,3,458630,14.99
635,209,4,325141,24.99
636,210,1,295038,2.99
637,210,2,537660,5.99
638,210,3,748340,2.0
639,210,4,642280,17.99
640,210,5,19810,9.99
641,211,1,549400,9.99
642,211,2,914070,2.6
643,211,3,988041,1.99
644,211,4,913060,0.0
645,212,1,671580,0.99
646,213,1,753850,9.99
647,213,2,433210,4.99
648,213,3,525480,49.99
649,213,4,294040,2.99
650,213,5,1019940,4.99
651,214,1,412210,4.99
652,214,2,745660,3.99
653,214,3,1058170,19.99
654,214,4,666790,9.99
655,215,1,983300,0.49
656,215,2,536850,3.99
657,215,3,97365,0.99
658,216,1,589651,156.23
659,216,2,6437,35.98
660,216,3,9274,19.81
661,216,4,591983,4.99
662,216,5,637758,2.99
663,217,1,457890,14.99
664,217,2,420410,0.0
665,217,3,406690,4.99
666,218,1,953681,14.99
667,219,1,832650,6.99
668,219,2,333300,14.99
669,219,3,238991,17.99
670,219,4,44166,1.99
671,219,5,17095,5.99
672,220,1,984530,4.99
673,220,2,300820,19.99
674,220,3,798541,0.0
675,221,1,711260,14.99
676,222,1,781800,0.99
677,222,2,361950,7.99
678,223,1,2257,3.46
679,223,2,376620,0.0
680,224,1,621210,9.99
681,224,2,297920,14.99
682,224,3,476920,2.79
683,225,1,829733,2.99
684,226,1,509748,2.99
685,226,2,259960,2.99
686,227,1,574190,4.99
687,228,1,749620,0.5
688,228,2,722560,19.99
689,228,3,912360,0.99
690,228,4,325972,19.99
691,229,1,642250,0.0
692,229,2,589420,2.99
693,229,3,733790,13.99
694,230,1,567200,3.99
695,230,2,516320,3.99
696,230,3,1008360,6.99
697,230,4,76471,9.99
698,231,1,295096,2.99
699,231,2,268360,6.99
700,231,3,28988,9.99
701,231,4,284050,9.99
702,232,1,964800,0.0
703,232,2,10786,3.04
704,232,3,1082720,2.99
705,232,4,807300,4.99
706,232,5,414710,3.99
707,233,1,274161,9.99
708,233,2,403190,14.99
709,233,3,642240,1.99
710,233,4,378645,0.0
711,234,1,873040,0.99
712,234,2,1075790,16.41
713,234,3,853874,1.99
714,234,4,4914,27.13
715,235,1,668800,9.99
716,235,2,5446,43.46
717,235,3,818,12.78
718,236,1,249111,1.99
719,237,1,957080,44.99
720,238,1,327470,9.99
721,238,2,989160,3.99
722,238,3,644540,0.0
723,239,1,605860,0.99
724,239,2,415680,2.99
725,239,3,279280,124.99
726,239,4,1042570,0.0
727,239,5,396510,4.99
728,240,1,746340,1.99
729,240,2,908250,7.99
730,240,3,10277,29.93
731,240,4,670910,4.99
732,241,1,530340,0.0
733,241,2,758590,9.99
734,241,3,456170,11.99
735,242,1,7304,7.63
736,242,2,559800,2.99
737,242,3,268990,9.99
738,242,4,753798,7.99
739,243,1,401621,1.99
740,243,2,493790,9.99
741,243,3,269490,7.99
742,244,1,556490,0.0
743,245,1,354500,0.0
744,245,2,9537,59.98
745,245,3,222139,7.99
746,246,1,505140,7.99
747,246,2,732280,1.99
748,246,3,301892,1.99
749,247,1,378630,2.09
750,248,1,753844,2.99
751,248,2,918440,9.99
752,249,1,282091,2.99
753,249,2,509031,0.99
754,250,1,251770,4.99
755,250,2,387982,1.19
756,250,3,349840,14.99
757,250,4,865930,9.99
758,251,1,782060,0.0
759,251,2,323430,9.99
760,251,3,976390,19.99
761,251,4,822400,5.99
762,252,1,431350,14.99
763,252,2,254460,6.99
764,252,3,325971,19.99
765,252,4,10955,39.97
766,253,1,7735,21.48
767,253,2,595754,0.99
768,254,1,878880,29.99
769,254,2,991065,15.99
770,255,1,792970,1.99
771,255,2,1090640,1.99
772,256,1,277870,4.99
773,257,1,595970,14.99
774,257,2,973690,7.99
775,257,3,215921,0.99
776,258,1,440310,10.79
777,258,2,570660,35.97
778,258,3,989860,1.99
779,258,4,766940,5.99
780,259,1,295048,2.99
781,259,2,981960,5.6
782,260,1,10659,2.4
783,260,2,767690,0.0
784,260,3,864950,2.99
785,261,1,909590,7.89
786,261,2,326800,0.0
787,261,3,338840,0.0
788,261,4,260530,14.99
789,261,5,510730,0.0
790,262,1,1039660,9.99
791,263,1,1057600,0.0
792,263,2,683620,0.99
793,264,1,6225,11.37
794,264,2,436601,2.99
795,264,3,885040,0.0
796,265,1,594390,0.0
797,265,2,811860,9.99
798,265,3,905689,2.99
799,266,1,549112,0.54
800,266,2,418150,8.99
801,266,3,1013810,0.0
802,266,4,500500,7.99
803,266,5,1033890,11.99
804,267,1,454550,0.0
805,268,1,700050,0.99
806,269,1,391730,14.99
807,269,2,377360,8.18
808,269,3,983610,0.99
809,269,4,427750,0.99
810,270,1,6020,9.99
811,270,2,604070,24.99
812,270,3,858760,1.99
813,270,4,321260,0.99
814,271,1,721053,14.99
815,271,2,906000,4.99
816,271,3,706120,1.99
817,271,4,941953,1.99
818,272,1,1085690,0.0
819,272,2,706030,1.99
820,272,3,204180,1.68
821,273,1,278570,1.99
822,274,1,569630,9.99
823,274,2,423780,6.99
824,274,3,813170,6.66
825,274,4,394130,9.99
826,275,1,234785,1.99
827,275,2,3900,19.99
828,275,3,8496,8.92
829,276,1,1056260,0.49
830,276,2,863570,12.99
831,276,3,1074201,29.99
832,276,4,920560,2.99
833,276,5,525550,4.99
834,277,1,456890,9.99
835,277,2,958910,0.0
836,278,1,1031421,4.99
837,278,2,382470,9.99
838,278,3,665060,1.99
839,278,4,1028110,40.95
840,279,1,712330,4.99
841,279,2,39650,9.99
842,279,3,508080,2.99
843,279,4,568770,0.0
844,280,1,744910,0.0
845,280,2,535010,7.99
846,280,3,559360,1.99
847,280,4,923460,0.0
848,281,1,281347,1.99
849,281,2,888700,2.99
850,281,3,1064580,11.99
851,282,1,326470,4.99
852,282,2,420410,0.0
853,282,3,850440,9.99
854,283,1,1027500,2.99
855,283,2,500242,9.99
856,283,3,675010,24.99
857,283,4,602740,4.99
858,283,5,698050,0.0
859,284,1,780160,0.99
860,284,2,549113,1.64
861,284,3,285110,19.99
862,284,4,965670,0.0
863,285,1,492951,2.99
864,285,2,402300,9.99
865,285,3,333310,0.0
866,285,4,445350,14.99
867,286,1,316410,3.29
868,287,1,587100,24.99
869,287,2,1011120,4.99
870,288,1,970650,7.99
871,288,2,304650,18.99
872,288,3,642170,7.99
873,288,4,1021260,0.49
874,288,5,330370,4.99
875,289,1,903790,9.99
876,289,2,531070,4.99
877,289,3,1033790,34.74
878,289,4,509660,2.99
879,289,5,897280,0.0
880,290,1,231490,1.99
881,290,2,1024990,0.0
882,290,3,736050,4.99
883,290,4,222084,2.99
884,291,1,682140,17.99
885,292,1,816720,11.99
886,292,2,537190,0.0
887,293,1,990201,1.99
888,294,1,809760,1.99
889,294,2,1044140,1.99
890,294,3,213897,0.99
891,295,1,46480,2.39
892,295,2,648260,3.99
893,296,1,531601,7.99
894,297,1,809150,0.0
895,298,1,1644,29.98
896,298,2,1097390,17.99
897,298,3,263740,9.99
898,298,4,1023710,0.0
899,298,5,1007180,7.99
900,299,1,333140,0.0
901,299,2,591090,9.99
902,299,3,563500,0.99
903,299,4,863410,0.99
904,299,5,618770,6.99
905,300,1,333430,1.99
906,300,2,720860,9.99
907,300,3,722090,0.99
908,300,4,436637,2.99
909,301,1,317710,7.99
910,301,2,512600,4.99
911,301,3,665970,4.99
912,301,4,426960,2.99
913,302,1,346930,0.0
914,303,1,760510,3.99
915,303,2,473540,0.99
916,303,3,367380,3.99
917,303,4,97306,9.99
918,304,1,507510,29.99
919,304,2,605959,2.99
920,305,1,956230,9.99
921,305,2,792800,1.99
922,305,3,522900,9.99
923,306,1,36130,14.99
924,306,2,582890,0.0
925,306,3,416380,9.99
926,306,4,329010,7.99
927,307,1,623260,4.99
928,307,2,636590,9.99
929,307,3,365290,9.99
930,308,1,458760,0.0
931,308,2,7315,14.38
932,309,1,438310,4.99
933,310,1,995654,2.99
934,311,1,401890,59.99
935,311,2,572000,0.0
936,312,1,812110,1.99
937,312,2,747750,0.99
938,312,3,1065050,2.99
939,313,1,9365,4.48
940,313,2,222610,19.99
941,314,1,806630,3.99
942,314,2,702750,9.99
943,315,1,1076850,3.99
944,315,2,343840,6.99
945,316,1,4788,45.48
946,316,2,619580,4.99
947,317,1,547820,0.0
948,317,2,758080,14.99
949,318,1,585590,2.99
950,318,2,204600,4.99
951,319,1,492160,9.99
952,319,2,874270,2.49
953,319,3,90007,0.0
954,320,1,340000,19.99
955,320,2,495450,0.0
956,320,3,700780,3.99
957,320,4,535530,19.99
958,321,1,757750,0.99
959,321,2,284810,9.99
960,321,3,739190,4.99
961,321,4,771460,0.99
962,321,5,886860,0.0
963,322,1,787220,0.0
964,323,1,204109,0.99
965,323,2,975390,9.99
966,323,3,932250,0.99
967,323,4,1044040,0.0
968,324,1,439930,2.99
969,324,2,628700,0.0
970,324,3,851590,0.0
971,324,4,302180,1.49
972,324,5,327830,2.49
973,325,1,921740,9.99
974,325,2,310870,2.99
975,325,3,722250,1.99
976,325,4,842500,0.0
977,325,5,977340,2.99
978,326,1,531169,3.99
979,327,1,990731,19.99
980,327,2,555240,39.99
981,327,3,783546,9.99
982,328,1,764990,1.99
983,329,1,488080,1.99
984,329,2,600640,1.99
985,329,3,912840,0.0
986,329,4,271964,29.99
987,330,1,512313,4.99
988,330,2,398860,2.99
989,330,3,770440,1.99
990,331,1,758350,0.0
991,331,2,63710,9.99
992,331,3,1086140,0.99
993,331,4,1011940,17.49
994,331,5,659230,4.99
995,332,1,424280,0.0
996,332,2,461360,3.99
997,332,3,575190,1.99
998,333,1,581940,0.99
999,333,2,463950,5.99
1000,334,1,788580,0.99
1001,334,2,369040,9.99
1002,334,3,909110,0.0
1003,335,1,1061090,8.7
1004,335,2,956480,4.99
1005,335,3,4760,12.99
1006,336,1,518680,1.99
1007,336,2,721870,1.99
1008,336,3,1043250,2.99
1009,336,4,242310,2.99
1010,336,5,351270,0.0
1011,337,1,351070,0.0
1012,337,2,721280,5.99
1013,338,1,2651,16.98
1014,338,2,1018810,4.99
1015,338,3,1003880,12.99
1016,338,4,1041010,0.99
1017,338,5,952270,4.99
1018,339,1,964020,0.0
1019,339,2,503820,0.99
1020,339,3,533555,3.99
1021,339,4,304020,0.99
1022,340,1,756725,2.99
1023,341,1,287090,9.99
1024,341,2,986460,0.99
1025,342,1,466350,9.99
1026,342,2,592660,4.99
1027,342,3,774181,0.0
1028,343,1,3160,39.49
1029,343,2,7796,84.98
1030,343,3,369511,19.99
1031,343,4,467047,0.99
1032,343,5,1550,10.49
1033,344,1,200900,14.99
1034,344,2,750040,7.92
1035,344,3,317820,14.99
1036,345,1,731490,39.99
1037,346,1,935750,2.99
1038,346,2,883810,2.99
1039,346,3,273770,0.99
1040,346,4,589620,0.0
1041,347,1,355240,8.99
1042,347,2,529040,2.99
1043,348,1,823301,14.99
1044,349,1,390362,2.99
1045,349,2,951060,0.99
1046,349,3,436629,2.99
1047,350,1,750080,4.99
1048,350,2,650231,4.99
1049,350,3,976540,3.99
1050,351,1,585500,14.99
1051,352,1,658690,0.0
1052,353,1,3056,32.26
1053,354,1,437870,9.99
1054,354,2,702413,1.99
1055,354,3,317690,10.99
1056,355,1,7873,32.24
1057,355,2,338700,1.99
1058,356,1,1057260,1.99
1059,356,2,1063060,2.99
1060,357,1,884030,2.99
1061,357,2,397000,9.99
1062,357,3,379588,18.99
1063,357,4,790130,0.0
1064,358,1,766471,9.99
1065,358,2,642190,4.99
1066,358,3,785990,0.0
1067,359,1,242640,29.99
1068,360,1,36900,9.99
1069,360,2,1022471,5.99
1070,360,3,1581,26.37
1071,360,4,299280,9.99
1072,360,5,548480,0.99
1073,361,1,954670,6.98
1074,361,2,3853,30.05
1075,361,3,948510,0.0
1076,362,1,413390,4.99
1077,362,2,882910,19.99
1078,362,3,924151,34.74
1079,363,1,257260,5.99
1080,363,2,554680,9.99
1081,363,3,853550,9.99
1082,363,4,549260,9.99
1083,364,1,556890,1.99
1084,364,2,656070,0.0
1085,364,3,582072,4.99
1086,364,4,655630,1.99
1087,365,1,703080,44.99
1088,366,1,504100,4.99
1089,366,2,304380,9.99
1090,366,3,584381,0.99
1091,366,4,992480,1.99
1092,366,5,580890,14.99
1093,367,1,432540,7.99
1094,367,2,923970,0.0
1095,367,3,249115,1.99
1096,367,4,721030,0.0
1097,367,5,301249,4.99
1098,368,1,279070,1.99
1099,368,2,848790,4.99
1100,369,1,728460,9.99
1101,369,2,721290,5.99
1102,369,3,930630,6.99
1103,369,4,34600,7.99
1104,370,1,261407,0.99
1105,371,1,866790,9.99
1106,371,2,307550,0.0
1107,371,3,222283,19.99
1108,371,4,815640,6.99
1109,371,5,889400,8.99
1110,372,1,572311,2.99
1111,372,2,880210,4.99
1112,372,3,706440,3.99
1113,372,4,1068570,0.0
1114,373,1,3056,32.26
1115,373,2,837830,6.99
1116,373,3,10039,22.48
1117,373,4,71240,7.99
1118,374,1,625860,0.0
1119,374,2,950740,6.99
1120,374,3,687230,1.99
1121,374,4,517100,9.99
1122,374,5,1045680,2.99
1123,375,1,871920,4.99
1124,375,2,845870,4.99
1125,375,3,706121,2.99
1126,376,1,893050,9.99
1127,376,2,504720,23.99
1128,376,3,889030,4.99
1129,376,4,834401,19.99
1130,377,1,222079,7.99
1131,377,2,25817,4.99
1132,378,1,332800,7.99
1133,378,2,230890,4.99
1134,379,1,529830,24.99
1135,379,2,614130,19.99
1136,380,1,847540,0.0
1137,380,2,1031420,4.99
1138,380,3,918820,13.99
1139,380,4,520641,9.99
1140,380,5,782310,0.0
1141,381,1,755670,14.99
1142,382,1,812460,0.0
1143,382,2,249921,11.99
1144,382,3,823310,4.99
1145,382,4,242920,19.99
1146,382,5,982510,0.0
1147,383,1,439510,29.99
1148,383,2,779050,0.0
1149,383,3,438160,4.99
1150,383,4,315320,9.99
1151,384,1,11140,9.99
1152,384,2,567150,0.49
1153,384,3,771890,5.99
1154,384,4,779990,0.0
1155,384,5,547860,14.99
1156,385,1,1022475,2.99
1157,385,2,35700,14.99
1158,385,3,541760,9.99
1159,385,4,297110,2.99
1160,385,5,479020,8.99
1161,386,1,900447,7.99
1162,386,2,540660,34.77
1163,387,1,236690,19.99
1164,387,2,347510,4.99
1165,387,3,598190,9.99
1166,387,4,259000,0.0
1167,388,1,942970,4.89
1168,388,2,875780,0.99
1169,388,3,295074,2.99
1170,388,4,492953,2.99
1171,388,5,912590,1.99
1172,389,1,1028520,4.99
1173,390,1,210032,0.99
1174,391,1,764030,0.0
1175,391,2,1066010,0.0
1176,392,1,874150,0.99
1177,392,2,10604,22.38
1178,392,3,291860,19.99
1179,392,4,493980,5.99
1180,392,5,226820,19.99
1181,393,1,741930,2.99
1182,393,2,501090,24.99
1183,393,3,972940,2.99
1184,393,4,779550,1.99
1185,394,1,917015,1.99
1186,394,2,622080,19.99
1187,394,3,324800,39.99
1188,394,4,895450,29.99
1189,394,5,549670,4.99
1190,395,1,509520,48.43
1191,395,2,388010,2.99
1192,395,3,7952,24.98
1193,395,4,482450,19.99
1194,396,1,872560,3.99
1195,396,2,1017240,2.99
1196,396,3,1017480,0.0
1197,396,4,107300,2.99
1198,397,1,406780,199.99
1199,397,2,689980,0.0
1200,397,3,570362,0.99
1201,398,1,718680,0.99
1202,398,2,740740,6.99
1203,399,1,340890,0.0
1204,399,2,9072,9.83
1205,399,3,295049,2.99
1206,400,1,547360,14.99
1207,400,2,429904,2.99
1208,400,3,799840,4.99
1209,400,4,1060390,0.0
1210,401,1,651280,0.0
1211,401,2,846010,1.99
1212,402,1,317970,3.99
1213,402,2,1022479,2.99
1214,403,1,580930,9.99
1215,403,2,509649,2.99
1216,403,3,799140,1.99
1217,403,4,208741,2.99
1218,403,5,446490,4.99
1219,404,1,470240,3.99
1220,404,2,1029890,29.99
1221,404,3,249590,9.99
1222,404,4,810970,9.99
1223,404,5,448610,1.99
1224,405,1,322141,24.99
1225,405,2,1029450,0.99
1226,405,3,286690,19.99
1227,405,4,850850,5.99
1228,405,5,7438,30.76
1229,406,1,203343,1.99
1230,406,2,726410,2.99
1231,406,3,811860,9.99
1232,406,4,948470,0.0
1233,406,5,1048460,29.99
1234,407,1,383840,19.99
1235,407,2,578970,4.99
1236,407,3,798100,0.99
1237,408,1,785100,11.99
1238,408,2,938770,1.99
1239,408,3,458480,9.99
1240,408,4,491950,0.0
1241,408,5,628980,4.99
1242,409,1,936690,1.99
1243,409,2,846700,14.55
1244,409,3,422120,14.18
1245,410,1,670950,4.99
1246,411,1,410390,0.0
1247,411,2,334260,14.99
1248,411,3,450110,5.99
1249,411,4,251650,0.0
1250,412,1,1079310,3.97
1251,412,2,800222,89.99
1252,413,1,487700,0.99
1253,413,2,799751,3.99
1254,413,3,1056670,19.99
1255,413,4,1038730,7.32
1256,414,1,289070,29.58
1257,414,2,568060,9.99
1258,414,3,633970,19.99
1259,414,4,615930,19.99
1260,414,5,508830,0.99
1261,415,1,907754,4.99
1262,416,1,303630,0.0
1263,416,2,977750,0.0
1264,416,3,340670,0.99
1265,416,4,963050,9.99
1266,417,1,904125,7.99
1267,417,2,411480,0.0
1268,418,1,912560,0.0
1269,418,2,854830,11.99
1270,418,3,868130,6.99
1271,418,4,889100,9.99
1272,419,1,295560,1.99
1273,419,2,572770,4.99
1274,420,1,753803,2.99
1275,420,2,517770,0.99
1276,420,3,522830,2.99
1277,420,4,55382,6.99
1278,421,1,429960,9.99
1279,422,1,21680,9.99
1280,422,2,329150,2.99
1281,423,1,645220,1.99
1282,424,1,1022780,2.99
1283,425,1,1042960,0.0
1284,425,2,868350,9.99
1285,425,3,981850,24.99
1286,425,4,267785,1.99
1287,426,1,347530,0.0
1288,427,1,382990,0.0
1289,427,2,813100,0.99
1290,428,1,852930,7.99
1291,428,2,751832,0.0
1292,429,1,387160,2.99
1293,430,1,591460,19.99
1294,431,1,639370,14.99
1295,432,1,718720,3.99
1296,433,1,838420,5.99
1297,434,1,3347,54.96
1298,434,2,471770,0.0
1299,434,3,816870,2.99
1300,434,4,555370,24.99
1301,434,5,361430,11.99
1302,435,1,898490,0.0
1303,435,2,511170,2.99
1304,436,1,102200,9.99
1305,437,1,868221,1.99
1306,437,2,354480,0.0
1307,437,3,463150,2.99
1308,437,4,864188,2.99
1309,438,1,1045190,29.99
1310,438,2,793090,1.99
1311,439,1,596231,44.99
1312,439,2,1034370,7.8
1313,439,3,928410,2.99
1314,440,1,313480,4.99
1315,441,1,668040,44.99
1316,441,2,933569,29.99
1317,441,3,893060,5.99
1318,441,4,345330,0.0
1319,441,5,471010,29.99
1320,442,1,15920,9.99
1321,443,1,295204,4.99
1322,443,2,1042500,0.0
1323,443,3,583590,14.99
1324,444,1,10955,39.97
1325,444,2,390447,2.99
1326,445,1,1033170,6.99
1327,445,2,492170,1.99
1328,446,1,436340,0.0
1329,447,1,295081,7.99
1330,447,2,410810,0.0
1331,447,3,851900,19.99
1332,447,4,363660,6.99
1333,447,5,929470,12.15
1334,448,1,1041500,4.99
1335,448,2,294947,2.99
1336,448,3,651380,2.99
1337,448,4,10964,4.48
1338,449,1,502370,29.99
1339,449,2,773440,14.99
1340,449,3,333970,7.99
1341,450,1,637110,8.99
1342,450,2,592240,2.69
1343,451,1,1003880,12.99
1344,451,2,382460,6.99
1345,451,3,556120,1.99
1346,452,1,322750,18.99
1347,452,2,1022395,5.99
1348,452,3,390392,2.99
1349,452,4,425860,4.99
1350,452,5,373560,2.99
1351,453,1,863520,4.99
1352,453,2,208797,0.99
1353,453,3,706800,3.99
1354,454,1,492250,24.99
1355,454,2,357930,1.99
1356,454,3,1065880,4.99
1357,454,4,70,9.99
1358,455,1,479000,1.99
1359,455,2,618460,12.99
1360,455,3,968180,14.99
1361,456,1,614003,15.99
1362,456,2,357900,0.99
1363,456,3,448480,2.99
1364,456,4,97304,9.99
1365,457,1,731760,9.99
1366,457,2,820720,8.99
1367,457,3,306150,14.99
1368,457,4,206416,2.99
1369,457,5,372112,2.99
1370,458,1,499390,3.99
1371,458,2,208831,2.99
1372,458,3,267776,1.99
1373,458,4,949221,5.99
1374,458,5,289780,0.0
1375,459,1,835700,1.99
1376,459,2,749410,9.99
1377,460,1,905490,14.99
1378,460,2,636520,2.99
1379,461,1,426928,0.99
1380,462,1,666820,9.99
1381,463,1,1033479,3.99
1382,463,2,540720,0.99
1383,464,1,334781,5.49
1384,464,2,543811,17.8
1385,465,1,510790,0.0
1386,465,2,544210,9.99
1387,465,3,559510,4.99
1388,465,4,409350,0.0
1389,465,5,546180,3.99
1390,466,1,3273,13.48
1391,466,2,459070,0.99
1392,467,1,914420,0.0
1393,467,2,457570,2.99
1394,467,3,477810,29.99
1395,467,4,563690,0.0
1396,467,5,678160,4.99
1397,468,1,672280,14.99
1398,468,2,1076230,15.99
1399,468,3,828220,0.0
1400,469,1,10632,131.18
1401,469,2,849940,4.99
1402,469,3,964480,29.99
1403,469,4,692151,1.99
1404,470,1,915350,9.99
1405,471,1,356160,9.99
1406,471,2,7138,44.58
1407,471,3,837430,19.99
1408,471,4,763696,0.0
1409,471,5,436180,0.0
1410,472,1,848170,49.99
1411,472,2,3123,8.98
1412,472,3,442820,6.99
1413,472,4,476450,2.99
1414,473,1,446080,4.99
1415,473,2,357920,9.99
1416,473,3,930480,0.99
1417,474,1,353052,1.99
1418,474,2,983190,0.99
1419,474,3,720590,6.99
1420,475,1,982120,12.99
1421,476,1,206710,68.26
1422,476,2,5912,6.75
1423,476,3,514930,1.99
1424,477,1,31830,6.99
1425,477,2,247306,2.99
1426,477,3,319080,19.99
1427,478,1,973450,0.0
1428,478,2,421163,9.99
1429,478,3,780380,0.99
1430,478,4,672170,0.99
1431,478,5,315850,4.99
1432,479,1,667250,0.0
1433,479,2,758080,14.99
1434,479,3,388390,3.99
1435,479,4,363420,15.99
1436,479,5,1090830,24.99
1437,480,1,991230,1.99
1438,480,2,2802,11.34
1439,480,3,526730,0.0
1440,481,1,496740,9.99
1441,481,2,753846,7.99
1442,481,3,1009710,4.99
1443,481,4,593150,0.0
1444,482,1,702320,0.0
1445,483,1,456420,3.99
1446,484,1,40100,12.99
1447,484,2,552011,0.0
1448,484,3,586210,14.99
1449,484,4,783560,1.99
1450,485,1,314680,1.99
1451,485,2,224280,69.99
1452,485,3,658290,1.99
1453,486,1,935540,3.99
1454,486,2,658000,29.99
1455,486,3,656490,14.99
1456,487,1,826360,0.0
1457,487,2,809530,11.99
1458,487,3,871650,2.99
1459,487,4,288270,19.99
1460,487,5,34810,2.99
1461,488,1,647830,19.99
1462,488,2,873150,5.99
1463,488,3,592410,6.99
1464,489,1,714010,0.0
1465,489,2,331750,19.99
1466,489,3,324344,14.99
1467,490,1,876200,0.99
1468,490,2,10680,14.99
1469,491,1,966499,1.99
1470,491,2,12139,6.99
1471,491,3,250360,29.99
1472,492,1,414010,2.99
1473,493,1,562490,3.99
1474,493,2,747200,12.99
1475,493,3,722770,1.99
1476,494,1,409040,7.99
1477,494,2,2185,64.75
1478,495,1,396810,9.99
1479,495,2,465540,4.99
1480,495,3,1049040,12.99
1481,496,1,397310,17.99
1482,496,2,1003830,4.99
1483,496,3,563340,3.19
1484,496,4,963280,3.99
1485,497,1,925690,14.99
1486,498,1,686340,0.0
1487,498,2,719090,1.99
1488,498,3,749550,6.47
1489,498,4,447,26.05
1490,499,1,226197,8.99
1491,499,2,618190,8.99
1492,500,1,304930,0.0
1493,500,2,658279,1.99
1494,500,3,710950,9.99
1495,500,4,992680,0.0
1496,500,5,672030,4.99
1497,501,1,805450,0.99
1498,501,2,665460,5.99
1499,501,3,65540,19.99
1500,501,4,1050240,37.22
1501,502,1,437560,7.99
1502,502,2,791700,2.99
1503,502,3,727030,0.0
1504,503,1,407330,19.99
1505,504,1,911690,3.99
1506,504,2,564050,19.99
1507,504,3,1020610,2.99
1508,504,4,1078770,0.0
1509,505,1,434300,9.99
1510,505,2,367240,17.99
1511,505,3,637718,2.99
1512,505,4,558370,4.99
1513,505,5,1057150,9.99
1514,506,1,934260,0.0
1515,506,2,778650,2.99
1516,506,3,841770,14.99
1517,506,4,684320,9.99
1518,506,5,766850,0.99
1519,507,1,601530,9.99
1520,508,1,893900,0.0
1521,508,2,787240,0.99
1522,508,3,1039720,0.0
1523,509,1,1029530,6.99
1524,509,2,775830,0.0
1525,510,1,335900,4.99
1526,510,2,832360,0.0
1527,510,3,825370,4.99
1528,510,4,320370,2.49
1529,511,1,259122,0.99
1530,511,2,2323,22.48
1531,511,3,384680,3.99
1532,512,1,712070,3.99
1533,512,2,380740,17.99
1534,512,3,785950,1.99
1535,512,4,460210,9.99
1536,513,1,888540,4.99
1537,513,2,5914,11.68
1538,513,3,6998,39.88
1539,514,1,670050,0.0
1540,514,2,926890,9.99
1541,514,3,762520,44.77
1542,514,4,7710,0.98
1543,515,1,388293,2.49
1544,515,2,887590,4.99
1545,515,3,295910,4.99
1546,515,4,8270,19.99
1547,515,5,10451,12.78
1548,516,1,1026290,0.99
1549,516,2,714230,99.99
1550,516,3,573500,4.99
1551,516,4,295070,2.99
1552,516,5,637120,4.99
1553,517,1,748370,24.99
1554,517,2,343610,1.99
1555,517,3,440370,4.99
1556,518,1,772180,14.99
1557,518,2,234021,2.99
1558,518,3,885810,14.99
1559,518,4,21000,19.99
1560,518,5,268890,34.99
1561,519,1,308172,4.99
1562,519,2,318412,1.99
1563,519,3,512610,4.99
1564,519,4,891860,0.0
1565,519,5,891220,0.0
1566,520,1,911760,3.99
1567,520,2,851770,11.99
1568,520,3,905689,2.99
1569,520,4,398850,14.99
1570,521,1,432630,0.99
1571,521,2,40420,4.99
1572,521,3,332610,14.99
1573,521,4,834170,7.99
1574,521,5,351640,0.0
1575,522,1,819480,11.99
1576,523,1,639266,2.99
1577,523,2,529040,2.99
1578,523,3,877750,2.7
1579,523,4,910820,9.99
1580,523,5,1001040,29.99
1581,524,1,38450,9.99
1582,524,2,913120,1.99
1583,524,3,1030221,19.99
1584,524,4,12520,9.99
1585,525,1,407190,19.99
1586,526,1,302360,9.99
1587,526,2,356240,4.99
1588,526,3,790120,0.99
1589,526,4,818140,0.0
1590,527,1,496350,14.99
1591,527,2,981080,0.0
1592,527,3,345390,16.74
1593,527,4,921010,0.0
1594,528,1,576020,4.99
1595,528,2,545570,0.0
1596,528,3,645940,1.99
1597,528,4,365530,92.8
1598,529,1,416350,5.99
1599,529,2,693210,4.99
1600,529,3,965520,0.0
1601,530,1,663310,39.95
1602,530,2,257870,9.99
1603,531,1,580200,24.99
1604,531,2,700610,6.99
1605,532,1,842211,2.99
1606,533,1,388020,2.99
1607,534,1,249230,14.99
1608,534,2,354680,4.99
1609,535,1,933620,4.99
1610,535,2,988590,1.29
1611,535,3,270030,5.99
1612,535,4,390416,2.99
1613,535,5,6910,6.99
1614,536,1,855490,5.99
1615,536,2,429901,2.99
1616,536,3,358410,6.99
1617,537,1,336760,4.99
1618,537,2,615300,0.99
1619,538,1,80000,14.99
1620,538,2,825500,14.99
1621,538,3,783970,0.99
1622,539,1,903251,0.0
1623,540,1,871600,0.0
1624,541,1,598090,0.99
1625,541,2,9201,7.15
1626,541,3,926440,1.99
1627,541,4,1028894,2.99
1628,541,5,1001140,14.99
1629,542,1,343320,9.99
1630,542,2,458810,2.99
1631,542,3,295055,2.99
1632,542,4,842590,0.99
1633,542,5,274900,0.99
1634,543,1,223593,19.99
1635,543,2,514290,9.99
1636,543,3,589760,19.99
1637,543,4,245660,0.0
1638,544,1,656180,0.49
1639,545,1,912390,11.99
1640,545,2,854750,12.99
1641,545,3,33520,6.99
1642,545,4,949510,15.99
1643,545,5,406130,9.99
1644,546,1,1039860,4.99
1645,547,1,590238,2.99
1646,547,2,842390,4.99
1647,548,1,669000,0.99
1648,548,2,1020,32.25
1649,548,3,531,16.46
1650,548,4,963570,1.99
1651,548,5,821370,19.99
1652,549,1,436250,19.99
1653,549,2,926560,1.99
1654,549,3,616510,4.99
1655,549,4,972040,0.99
1656,550,1,1085550,0.99
1657,550,2,17520,0.0
1658,550,3,541830,0.99
1659,550,4,905707,2.99
1660,551,1,252490,34.99
1661,551,2,252910,2.99
1662,551,3,390377,2.99
1663,551,4,208799,0.99
1664,551,5,1064480,0.99
1665,552,1,763570,0.0
1666,552,2,394400,0.99
1667,552,3,876780,0.0
1668,553,1,222595,19.99
1669,553,2,872700,0.0
1670,553,3,637783,7.99
1671,554,1,567480,2.99
1672,554,2,345741,7.99
1673,554,3,5040,5.91
1674,554,4,1266,3.98
1675,554,5,34900,0.49
1676,555,1,1060900,4.99
1677,555,2,904770,2.99
1678,555,3,610930,10.47
1679,556,1,774171,0.0
1680,556,2,555980,3.99
1681,557,1,337980,9.99
1682,557,2,464460,5.99
1683,557,3,2273,3.98
1684,557,4,2131,2.47
1685,558,1,561310,8.99
1686,559,1,562510,29.99
1687,559,2,1093260,4.99
1688,559,3,319450,14.99
1689,560,1,741250,2.99
1690,560,2,4629,7.04
1691,560,3,857480,1.99
1692,560,4,700700,8.99
1693,561,1,844520,1.5
1694,562,1,899801,2.99
1695,562,2,55020,9.99
1696,562,3,812590,0.0
1697,562,4,819990,1.99
1698,563,1,329430,29.99
1699,564,1,642250,0.0
1700,564,2,382950,1.99
1701,564,3,733560,4.99
1702,564,4,871670,1.99
1703,565,1,718010,0.0
1704,566,1,992176,24.99
1705,567,1,724290,0.0
1706,567,2,6853,7.36
1707,567,3,316410,3.29
1708,567,4,923380,3.99
1709,568,1,845870,4.99
1710,569,1,8206,52.16
1711,569,2,794540,0.0
1712,569,3,73013,68.26
1713,569,4,271960,14.99
1714,569,5,473780,6.99
1715,570,1,570590,1.99
1716,570,2,973090,0.99
1717,570,3,7435,10.48
1718,571,1,298620,0.0
1719,571,2,834470,0.99
1720,571,3,263100,0.0
1721,571,4,802300,14.99
1722,571,5,927720,2.99
1723,572,1,897950,2.99
1724,572,2,593501,0.99
1725,572,3,1034230,0.99
1726,572,4,37370,6.99
1727,573,1,943950,5.99
1728,573,2,896101,0.0
1729,573,3,873900,20.2
1730,574,1,836844,0.0
1731,574,2,91100,9.99
1732,574,3,604930,0.0
1733,575,1,215080,0.0
1734,575,2,390620,2.99
1735,575,3,1013160,0.59
1736,575,4,559170,4.99
1737,576,1,445430,29.99
1738,576,2,998730,1.99
1739,576,3,450480,9.99
1740,576,4,829420,0.0
1741,576,5,661810,0.99
1742,577,1,505700,0.0
1743,577,2,607590,2.99
1744,577,3,959450,4.99
1745,577,4,760050,12.99
1746,578,1,931760,0.0
1747,578,2,679400,0.0
1748,578,3,205190,29.99
1749,578,4,1058680,8.99
1750,579,1,509590,7.99
1751,580,1,755550,0.0
1752,580,2,532730,4.99
1753,580,3,605958,13.99
1754,580,4,628460,2.99
1755,581,1,569490,3.99
1756,582,1,834470,0.99
1757,582,2,259800,2.99
1758,583,1,10621,89.98
1759,583,2,656740,6.99
1760,584,1,939120,0.0
1761,584,2,579780,4.99
1762,584,3,486001,0.0
1763,584,4,832650,6.99
1764,584,5,677480,19.99
1765,585,1,946210,0.99
1766,585,2,548130,1.99
1767,586,1,991062,29.99
1768,586,2,757530,0.0
1769,587,1,665330,9.99
1770,587,2,7741,70.48
1771,587,3,465520,0.0
1772,587,4,362410,9.99
1773,588,1,230890,4.99
1774,589,1,63380,14.97
1775,589,2,585950,0.99
1776,589,3,1052010,4.99
1777,589,4,460,24.99
1778,590,1,1048260,4.99
1779,590,2,327560,14.99
1780,590,3,873870,9.99
1781,591,1,714570,17.73
1782,591,2,439490,14.99
1783,591,3,1189,1.78
1784,591,4,677450,9.99
1785,592,1,644420,9.99
1786,592,2,489400,0.0
1787,592,3,1054610,21.8
1788,593,1,1009780,37.22
1789,593,2,954410,4.99
1790,594,1,722810,2.99
1791,594,2,440360,1.99
1792,594,3,562330,2.99
1793,595,1,792550,2.99
1794,595,2,1050710,7.99
1795,595,3,296550,9.99
1796,595,4,453960,0.99
1797,595,5,677160,9.99
1798,596,1,991860,0.99
1799,596,2,325993,12.99
1800,596,3,876910,0.99
1801,597,1,520940,39.99
1802,597,2,36100,4.99
1803,597,3,947270,1.99
1804,597,4,312690,6.99
1805,598,1,733530,4.99
1806,599,1,468330,9.99
1807,599,2,839940,424.72
1808,599,3,1011100,2.99
1809,599,4,840590,0.0
1810,600,1,390442,2.99
1811,600,2,556490,0.0
1812,600,3,734700,2.99
1813,600,4,730070,7.99
1814,600,5,695743,131.4
1815,601,1,602815,18.99
1816,602,1,1036840,0.99
1817,602,2,593600,39.99
1818,602,3,721143,3.99
1819,602,4,213906,0.99
1820,603,1,263120,9.99
1821,603,2,785430,0.0
1822,603,3,841420,3.99
1823,603,4,637826,2.99
1824,603,5,800490,4.99
1825,604,1,408690,9.99
1826,604,2,473140,0.99
1827,604,3,1014710,19.99
1828,605,1,6099,1.93
1829,605,2,723940,9.99
1830,606,1,911400,39.99
1831,606,2,384270,1.99
1832,606,3,404040,4.99
1833,606,4,603910,11.99
1834,606,5,4760,12.99
1835,607,1,572740,9.99
1836,607,2,1022360,0.99
1837,607,3,637825,11.99
1838,607,4,324050,9.99
1839,607,5,17390,19.99
1840,608,1,1078780,0.99
1841,608,2,1060390,0.0
1842,608,3,1051380,34.74
1843,608,4,927380,29.99
1844,608,5,637110,8.99
1845,609,1,316443,2.99
1846,610,1,4379,23.95
1847,610,2,898940,4.99
1848,610,3,777560,0.0
1849,610,4,741120,21.63
1850,610,5,15630,9.99
1851,611,1,865840,0.0
1852,611,2,330460,19.99
1853,611,3,715194,14.99
1854,612,1,913180,0.0
1855,612,2,879600,14.99
1856,612,3,773710,1.99
1857,612,4,394080,4.99
1858,613,1,1059140,0.99
1859,613,2,756810,6.99
1860,613,3,846710,1.99
1861,614,1,816060,0.99
1862,614,2,621210,9.99
1863,614,3,591010,3.99
1864,614,4,1073490,2.99
1865,615,1,531240,4.99
1866,615,2,525000,6.99
1867,616,1,390449,2.99
1868,617,1,880340,2.79
1869,617,2,864183,1.99
1870,617,3,753779,2.99
1871,617,4,420980,12.99
1872,617,5,396870,0.0
1873,618,1,254590,29.99
1874,619,1,698140,3.99
1875,619,2,631552,0.99
1876,619,3,10155,14.38
1877,619,4,546660,8.99
1878,620,1,553150,4.99
1879,620,2,552350,0.99
1880,620,3,977400,0.0
1881,620,4,235540,29.99
1882,620,5,753833,2.99
1883,621,1,1061083,0.0
1884,621,2,697920,0.0
1885,621,3,344000,0.0
1886,621,4,357920,9.99
1887,622,1,374130,0.0
1888,622,2,506600,0.0
1889,623,1,248310,14.99
1890,623,2,511200,1.99
1891,623,3,685680,9.99
1892,624,1,692690,8.79
1893,624,2,1090580,0.99
1894,624,3,245174,1.99
1895,624,4,680830,0.0
1896,625,1,497970,0.99
1897,625,2,560390,2.99
1898,626,1,758771,1.99
1899,626,2,977770,0.0
1900,626,3,851870,2.99
1901,626,4,963180,6.99
1902,627,1,308330,9.99
1903,627,2,363940,4.99
1904,627,3,714970,0.0
1905,627,4,222180,2.99
1906,628,1,356450,2.99
1907,629,1,839130,9.99
1908,630,1,423330,0.0
1909,630,2,788630,14.99
1910,630,3,888514,14.99
1911,630,4,947250,19.99
1912,631,1,14324,9.99
1913,631,2,459940,1.99
1914,631,3,660320,1.99
1915,632,1,301760,19.99
1916,632,2,1081170,0.0
1917,633,1,9430,14.96
1918,633,2,648020,424.72
1919,633,3,708110,6.99
1920,633,4,935000,5.99
1921,634,1,942490,4.99
1922,634,2,385510,4.99
1923,634,3,636560,0.0
1924,635,1,680340,12.99
1925,636,1,371380,14.99
1926,636,2,993710,0.0
1927,636,3,788940,199.0
1928,637,1,993300,11.99
1929,637,2,629340,0.0
1930,637,3,436607,7.99
1931,637,4,440,0.0
1932,637,5,850430,0.99
1933,638,1,760200,0.0
1934,638,2,1073100,0.99
1935,638,3,773010,0.54
1936,639,1,420300,1.99
1937,640,1,753826,2.99
1938,640,2,371110,4.99
1939,641,1,899862,2.99
1940,641,2,586830,14.99
1941,641,3,448880,0.0
1942,642,1,26005,1.25
1943,643,1,910880,14.99
1944,643,2,1051550,9.99
1945,643,3,287450,19.99
1946,643,4,998480,0.5
1947,644,1,344340,14.99
1948,644,2,8669,17.95
1949,645,1,289800,4.99
1950,645,2,923910,1.99
1951,645,3,9018,2.67
1952,645,4,438730,4.99
1953,645,5,860260,4.99
1954,646,1,647930,9.99
1955,646,2,888400,2.99
1956,646,3,292500,9.99
1957,647,1,903970,7.99
1958,647,2,1057580,0.0
1959,648,1,562378,19.99
1960,648,2,831950,3.99
1961,648,3,332740,4.99
1962,648,4,759220,1.99
1963,648,5,842640,2.99
1964,649,1,979530,0.99
1965,649,2,574770,10.8
1966,649,3,714230,99.99
1967,650,1,456040,0.99
1968,650,2,10896,16.97
1969,650,3,337340,9.99
1970,651,1,877060,1.99
1971,652,1,341060,0.0
1972,653,1,1063360,1.99
1973,653,2,951950,14.99
1974,653,3,644160,4.99
1975,653,4,499150,5.99
1976,653,5,1052,6.38
1977,654,1,648260,3.99
1978,654,2,930790,1.99
1979,654,3,229627,2.99
1980,654,4,373180,2.99
1981,655,1,1092190,0.0
1982,655,2,1039520,7.32
1983,655,3,354860,4.99
1984,655,4,835660,3.99
1985,656,1,775910,0.99
1986,656,2,680450,1.99
1987,656,3,753770,2.99
1988,656,4,110810,11.99
1989,657,1,1076150,6.99
1990,657,2,504470,12.99
1991,658,1,958740,19.99
1992,659,1,992180,4.99
1993,659,2,302970,4.99
1994,659,3,552030,3.99
1995,660,1,426900,0.0
1996,660,2,1046400,0.0
1997,661,1,805440,0.99
1998,661,2,1044662,1.99
1999,661,3,1039920,10.47
2000,661,4,594310,0.0
2001,662,1,402980,7.99
2002,662,2,781760,40.25
2003,662,3,246760,19.99
2004,662,4,982440,9.99
2005,663,1,876840,9.99
2006,663,2,496500,1.48
2007,663,3,848180,1.99
2008,664,1,217200,14.99
2009,664,2,756010,7.99
2010,664,3,5769,22.47
2011,665,1,905860,1.99
2012,665,2,6649,26.97
2013,665,3,446390,39.99
2014,665,4,435370,0.0
2015,665,5,483680,0.0
2016,666,1,348870,1.99
2017,666,2,5639,4.5
2018,666,3,517910,0.0
2019,667,1,223790,3.99
2020,667,2,387890,0.99
2021,668,1,968450,1.99
2022,668,2,7005,0.98
2023,668,3,342807,2.99
2024,669,1,459,6.65
2025,669,2,299030,4.99
2026,669,3,604300,14.99
2027,669,4,498460,2.99
2028,669,5,552652,1.99
2029,670,1,931620,0.49
2030,670,2,428520,7.99
2031,670,3,403070,4.99
2032,670,4,730690,6.99
2033,671,1,24780,19.99
2034,671,2,661030,1.99
2035,671,3,388,7.97
2036,671,4,325981,29.99
2037,672,1,456640,2.99
2038,673,1,786180,1.99
2039,674,1,1005050,12.99
2040,674,2,669940,0.0
2041,675,1,605860,0.99
2042,675,2,981020,0.0
2043,675,3,315395,6.99
2044,675,4,449960,24.99
2045,676,1,770400,0.99
2046,676,2,530070,29.99
2047,677,1,212894,9.99
2048,677,2,760450,1.99
2049,677,3,859340,29.99
2050,677,4,729300,3.99
2051,677,5,268612,19.99
2052,678,1,6162,16.65
2053,679,1,867680,9.99
2054,679,2,946040,0.0
2055,680,1,1014780,0.0
2056,680,2,339330,9.99
2057,681,1,271590,29.99
2058,681,2,419090,4.99
2059,681,3,1002100,13.99
2060,682,1,3061,18.69
2061,682,2,1031210,0.0
2062,682,3,737820,0.99
2063,682,4,801460,0.99
2064,683,1,508140,32.56
2065,683,2,494640,4.99
2066,683,3,297750,39.99
2067,683,4,352620,9.99
2068,683,5,595650,9.99
2069,684,1,343690,0.99
2070,684,2,312920,19.99
2071,684,3,312210,14.99
2072,684,4,6886,36.0
2073,685,1,212110,6.99
2074,685,2,24800,19.99
2075,685,3,1023710,0.0
2076,685,4,568590,0.99
2077,685,5,359930,12.49
2078,686,1,865140,4.99
2079,687,1,694070,9.99
2080,687,2,1010240,19.99
2081,687,3,440090,0.0
2082,687,4,594750,3.99
2083,687,5,41700,19.99
2084,688,1,711460,1.99
2085,688,2,539650,0.0
2086,689,1,431410,4.99
2087,689,2,997520,9.99
2088,689,3,838020,1.48
2089,689,4,2510,12.58
2090,689,5,528700,0.99
2091,690,1,393730,0.0
2092,690,2,1025050,0.99
2093,691,1,790830,4.99
2094,691,2,558650,1.99
2095,691,3,321141,9.99
2096,691,4,311590,4.99
2097,692,1,800650,14.99
2098,692,2,989870,1.99
2099,692,3,637841,2.99
2100,692,4,791490,19.99
2101,693,1,719470,0.99
2102,693,2,571120,1.99
2103,694,1,598180,9.99
2104,695,1,1057150,9.99
2105,695,2,442120,23.97
2106,695,3,597760,16.66
2107,696,1,615150,2.99
2108,696,2,900350,2.99
2109,696,3,562690,9.99
2110,696,4,3330,4.99
2111,697,1,881840,0.99
2112,697,2,7034,19.8
2113,698,1,318310,31.38
2114,698,2,830440,0.0
2115,698,3,885000,19.99
2116,698,4,888380,3.99
2117,699,1,392000,19.99
2118,700,1,1037670,10.47
2119,700,2,876320,9.99
2120,700,3,4710,23.97
2121,701,1,7521,152.98
2122,701,2,6973,89.06
2123,702,1,393240,1.99
2124,702,2,760080,9.99
2125,703,1,9010,4.99
2126,703,2,600550,6.99
2127,703,3,429380,0.0
2128,704,1,494820,4.99
2129,704,2,961220,4.99
2130,704,3,3772,16.68
2131,705,1,781520,4.99
2132,705,2,377280,4.99
2133,705,3,529030,0.0
2134,705,4,575501,2.99
2135,705,5,672800,5.99
2136,706,1,1061960,4.99
2137,706,2,429908,2.99
2138,706,3,558391,14.99
2139,706,4,886830,1.99
2140,707,1,965101,5.99
2141,707,2,549750,6.99
2142,707,3,730620,21.63
2143,707,4,510730,0.0
2144,708,1,654710,0.99
2145,708,2,219830,0.0
2146,709,1,654980,0.49
2147,710,1,314220,9.99
2148,710,2,364020,2.99
2149,710,3,913480,0.99
2150,711,1,729190,1.99
2151,711,2,1029540,9.99
2152,711,3,35420,0.0
2153,712,1,932090,0.0
2154,712,2,852560,11.99
2155,712,3,231140,9.99
2156,712,4,767690,0.0
2157,712,5,886470,0.99
2158,713,1,735520,0.0
2159,713,2,34841,0.59
2160,713,3,849261,7.99
2161,713,4,235250,4.99
2162,714,1,6557,8.23
2163,714,2,278490,9.99
2164,715,1,915720,0.0
2165,715,2,744920,1.99
2166,715,3,299440,7.99
2167,715,4,981050,2.99
2168,715,5,750450,0.99
2169,716,1,461590,9.99
2170,716,2,214530,1.99
2171,716,3,366870,7.49
2172,716,4,384410,0.0
2173,716,5,42902,0.99
2174,717,1,633210,0.0
2175,717,2,703210,1.99
2176,718,1,553140,0.0
2177,718,2,586910,4.99
2178,718,3,603610,4.99
2179,719,1,442840,6.99
2180,719,2,436617,11.99
2181,719,3,113420,0.0
2182,719,4,63000,9.99
2183,720,1,501570,14.99
2184,720,2,915580,0.0
2185,720,3,1022180,0.0
2186,721,1,933840,0.99
2187,721,2,703200,2.99
2188,722,1,417420,0.0
2189,723,1,851200,2.99
2190,723,2,513620,0.99
2191,723,3,914510,0.0
2192,723,4,6180,1.18
2193,723,5,297740,12.99
2194,724,1,976560,0.99
2195,725,1,948410,0.0
2196,725,2,823730,3.99
2197,726,1,881040,0.0
2198,726,2,670100,2.99
2199,726,3,959580,9.99
2200,726,4,420110,9.99
2201,726,5,923240,9.8
2202,727,1,235620,9.99
2203,727,2,960700,0.99
2204,727,3,318650,14.99
2205,727,4,1067850,0.0
2206,727,5,511850,4.99
2207,728,1,1065570,0.49
2208,728,2,757300,29.99
2209,728,3,870630,0.99
2210,729,1,658298,1.99
2211,729,2,818990,3.99
2212,729,3,376390,0.0
2213,729,4,995850,6.99
2214,729,5,723360,0.0
2215,730,1,912980,0.99
2216,730,2,851320,4.99
2217,730,3,1061960,4.99
2218,730,4,425900,9.99
2219,730,5,602800,14.99
2220,731,1,792400,7.99
2221,731,2,1970,24.87
2222,732,1,1084660,0.0
2223,732,2,489520,0.0
2224,732,3,381600,0.0
2225,732,4,508180,4.99
2226,732,5,793554,0.0
2227,733,1,951950,14.99
2228,733,2,1033040,0.0
2229,733,3,375130,4.99
2230,734,1,1070990,6.99
2231,734,2,518280,8.99
2232,734,3,2257,3.46
2233,734,4,971252,9.99
2234,734,5,890740,7.99
2235,735,1,441050,2.99
2236,735,2,297020,9.99
2237,735,3,770900,9.99
2238,736,1,585290,3.99
2239,736,2,385970,82.73
2240,736,3,511690,9.99
2241,737,1,828631,4.99
2242,737,2,293400,29.99
2243,737,3,1849,22.48
2244,737,4,1003540,1.99
2245,737,5,1042470,0.49
2246,738,1,992310,0.0
2247,738,2,889840,0.0
2248,738,3,391550,14.99
2249,738,4,814251,9.99
2250,739,1,303910,3.39
2251,739,2,1078741,1.99
2252,739,3,500480,9.99
2253,739,4,967275,37.99
2254,739,5,5729,29.02
2255,740,1,566200,3.99
2256,741,1,1019250,0.0
2257,741,2,747750,0.99
2258,742,1,564140,7.99
2259,742,2,461870,0.0
2260,742,3,495120,3.99
2261,742,4,459280,82.73
2262,742,5,614002,17.99
2263,743,1,982010,0.0
2264,743,2,614960,0.99
2265,743,3,8809,65.62
2266,743,4,1079560,0.0
2267,744,1,887870,0.99
2268,744,2,241760,9.99
2269,744,3,1047950,0.0
2270,744,4,687870,0.0
2271,745,1,607830,19.99
2272,745,2,8077,27.17
2273,745,3,876220,14.99
2274,745,4,530671,0.0
2275,745,5,531630,0.0
2276,746,1,3040,8.78
2277,746,2,313080,19.99
2278,747,1,273381,7.99
2279,747,2,316680,4.99
2280,747,3,929640,0.99
2281,747,4,622650,19.99
2282,747,5,591506,156.23
2283,748,1,318871,1.99
2284,749,1,758870,9.99
2285,750,1,618470,4.99
2286,750,2,925370,0.99
2287,750,3,557770,6.99
2288,750,4,434941,5.45
2289,750,5,688330,6.99
2290,751,1,943120,1.99
2291,752,1,571870,0.99
2292,752,2,348240,3.99
2293,752,3,533480,15.99
2294,752,4,208750,42.7
2295,752,5,976680,0.0
2296,753,1,645610,19.99
2297,753,2,971130,9.99
2298,753,3,810690,0.0
2299,753,4,316680,4.99
2300,753,5,222589,19.99
2301,754,1,63200,4.99
2302,754,2,631570,14.99
2303,754,3,778540,1.99
2304,755,1,400080,12.99
2305,755,2,21670,9.99
2306,755,3,1044530,0.49
2307,755,4,384110,12.99
2308,755,5,39650,9.99
2309,756,1,1090520,11.99
2310,756,2,620280,4.99
2311,756,3,5641,94.45
2312,756,4,6584,3.95
2313,757,1,49337,4.99
2314,757,2,858100,19.99
2315,757,3,898160,0.0
2316,758,1,597220,10.99
2317,758,2,966590,8.99
2318,759,1,370002,0.0
2319,759,2,550300,2.99
2320,759,3,833750,0.99
2321,760,1,857240,2.99
2322,760,2,933980,19.99
2323,760,3,931300,9.99
2324,760,4,703840,9.99
2325,761,1,393080,1.02
2326,761,2,420770,4.99
2327,761,3,1059620,12.99
2328,761,4,739440,4.99
2329,761,5,42230,6.99
2330,762,1,404670,1.99
2331,762,2,757040,1.99
2332,762,3,485430,9.99
2333,763,1,719070,6.99
2334,763,2,531171,3.99
2335,763,3,564330,0.0
2336,763,4,8818,7.18
2337,764,1,622960,0.99
2338,765,1,509210,2.99
2339,766,1,842290,0.99
2340,766,2,234920,14.99
2341,767,1,876570,8.99
2342,768,1,1055310,11.99
2343,768,2,1008650,0.99
2344,768,3,1089540,0.0
2345,769,1,334090,4.99
2346,769,2,57200,2.99
2347,769,3,658650,17.99
2348,769,4,552680,0.0
2349,770,1,236930,9.99
2350,770,2,384680,3.99
2351,770,3,269470,39.99
2352,771,1,11271,5.47
2353,771,2,415730,0.99
2354,772,1,1013430,7.99
2355,772,2,414850,2.99
2356,772,3,1086140,0.99
2357,773,1,8601,12.02
2358,773,2,322080,3.99
2359,773,3,295530,0.0
2360,773,4,757540,2.99
2361,774,1,580040,14.99
2362,774,2,557400,0.0
2363,774,3,531770,0.99
2364,774,4,278010,0.0
2365,774,5,946400,0.99
2366,775,1,697730,0.99
2367,775,2,741150,9.99
2368,775,3,591509,156.23
2369,776,1,753290,2.99
2370,776,2,373970,7.99
2371,777,1,556220,19.99
2372,777,2,954000,9.99
2373,777,3,911100,4.2
2374,777,4,678800,0.0
2375,777,5,395190,12.99
2376,778,1,213670,29.99
2377,778,2,970070,1.99
2378,778,3,1066780,0.0
2379,778,4,864320,22.99
2380,778,5,971080,12.99
2381,779,1,857790,0.99
2382,779,2,200940,4.99
2383,779,3,676770,0.0
2384,779,4,975560,0.99
2385,780,1,680100,1.99
2386,780,2,719710,0.99
2387,781,1,43005,3.99
2388,781,2,1051480,8.99
2389,782,1,316590,9.99
2390,782,2,534930,4.99
2391,782,3,864610,8.54
2392,782,4,411130,0.99
2393,783,1,312560,14.99
2394,784,1,494050,9.99
2395,785,1,343613,1.99
2396,785,2,301710,4.99
2397,786,1,502320,14.99
2398,786,2,563107,4.99
2399,786,3,630920,5.99
2400,787,1,382620,1.99
2401,787,2,1009210,9.99
2402,788,1,918550,6.99
2403,788,2,36240,6.99
2404,788,3,640840,0.0
2405,788,4,807420,4.99
2406,788,5,805400,1.99
2407,789,1,343820,2.99
2408,789,2,489320,9.99
2409,789,3,97367,0.99
2410,789,4,1050714,7.99
2411,790,1,566330,2.99
2412,790,2,925930,14.99
2413,790,3,786520,3.99
2414,791,1,295063,2.99
2415,792,1,295083,2.99
2416,793,1,410810,0.0
2417,793,2,837090,4.99
2418,793,3,367890,2.99
2419,793,4,686350,0.99
2420,793,5,1083700,0.0
2421,794,1,255390,14.99
2422,794,2,367270,17.99
2423,794,3,439880,9.99
2424,794,4,462620,6.99
2425,794,5,641080,24.99
2426,795,1,1061420,3.99
2427,795,2,268080,7.99
2428,795,3,589190,1.99
2429,795,4,55100,19.99
2430,796,1,12480,9.99
2431,796,2,826370,9.99
2432,797,1,859610,0.99
2433,797,2,18500,9.99
2434,798,1,467038,0.99
2435,798,2,27837,6.99
2436,798,3,645750,9.99
2437,799,1,1003250,5.08
2438,799,2,361550,12.99
2439,799,3,436430,2.99
2440,800,1,10239,7.32
2441,800,2,295007,2.99
2442,800,3,504690,0.0
2443,800,4,211203,0.99
2444,801,1,268050,9.99
2445,801,2,377760,1.99
2446,801,3,732550,0.99
2447,801,4,676630,8.99
2448,802,1,2768,5.88
2449,802,2,422970,4.99
2450,802,3,6547,33.26
2451,802,4,332380,14.99
2452,803,1,489450,14.99
2453,803,2,781910,24.99
2454,803,3,823520,0.99
2455,804,1,383600,4.99
2456,804,2,908380,9.99
2457,805,1,489976,4.99
2458,805,2,11360,86.81
2459,806,1,935700,33.58
2460,806,2,585640,0.0
2461,807,1,255260,9.99
2462,807,2,357410,7.99
2463,807,3,331270,0.0
2464,807,4,648350,44.99
2465,807,5,387170,4.99
2466,808,1,835670,18.99
2467,808,2,321260,0.99
2468,808,3,1022401,0.99
2469,808,4,581600,1.99
2470,809,1,504240,2.99
2471,810,1,778150,8.99
2472,811,1,489630,66.73
2473,811,2,644540,0.0
2474,812,1,440500,4.99
2475,812,2,1067070,0.99
2476,812,3,742340,0.99
2477,813,1,854570,4.99
2478,813,2,855010,0.0
2479,813,3,562670,8.06
2480,813,4,4505,47.65
2481,814,1,1039870,9.99
2482,814,2,55340,0.99
2483,814,3,1011890,1.99
2484,814,4,637829,2.99
2485,814,5,1011280,7.99
2486,815,1,946380,8.99
2487,815,2,816780,14.99
2488,816,1,554260,3.99
2489,816,2,9661,38.23
2490,816,3,736180,0.99
2491,817,1,970890,0.49
2492,818,1,415200,34.99
2493,818,2,5817,5.34
2494,818,3,320382,1.99
2495,818,4,644000,0.0
2496,819,1,786390,7.99
2497,820,1,932160,0.99
2498,821,1,8755,13.57
2499,821,2,1048610,0.0
2500,821,3,415570,29.99
2501,821,4,812440,0.0
2502,821,5,226196,8.99
2503,822,1,591503,156.23
2504,822,2,1004160,0.0
2505,823,1,754110,2.99
2506,823,2,1039370,0.99
2507,823,3,266490,14.99
2508,823,4,888380,3.99
2509,823,5,393750,9.99
2510,824,1,1069380,0.0
2511,824,2,384090,1.0
2512,824,3,7610,9.99
2513,824,4,274900,0.99
2514,825,1,928160,1.99
2515,826,1,458442,0.0
2516,826,2,569480,9.99
2517,827,1,586010,9.99
2518,828,1,63960,6.99
2519,828,2,307410,2.99
2520,828,3,311060,4.99
2521,828,4,993810,4.99
2522,829,1,926180,24.99
2523,829,2,895840,4.99
2524,829,3,215852,0.99
2525,829,4,610670,0.99
2526,829,5,438680,0.0
2527,830,1,449340,7.99
2528,830,2,17510,0.0
2529,830,3,23490,9.99
2530,830,4,378490,1.99
2531,830,5,326026,4.99
2532,831,1,776290,3.99
2533,831,2,527022,2.49
2534,832,1,802700,34.99
2535,832,2,1017580,1.99
2536,832,3,688420,14.99
2537,832,4,379587,10.99
2538,833,1,502500,59.99
2539,834,1,500890,14.99
2540,834,2,822690,4.99
2541,835,1,513113,4.99
2542,835,2,560990,5.99
2543,835,3,774541,19.99
2544,836,1,415000,7.99
2545,837,1,7510,9.99
2546,837,2,442660,19.99
2547,838,1,710090,0.0
2548,838,2,662960,0.0
2549,838,3,546800,9.99
2550,839,1,967440,1.99
2551,839,2,5023,3.77
2552,839,3,404620,9.99
2553,839,4,40500,2.99
2554,839,5,612,67.2
2555,840,1,654189,0.0
2556,840,2,700450,1.2
2557,840,3,282470,4.99
2558,840,4,9006,7.65
2559,841,1,317320,19.99
2560,841,2,546080,6.99
2561,841,3,953250,0.0
2562,841,4,298280,9.99
2563,841,5,372280,5.99
2564,842,1,992310,0.0
2565,842,2,868420,4.99
2566,843,1,373150,5.99
2567,843,2,797200,0.0
2568,843,3,760580,5.99
2569,843,4,22634,4.99
2570,844,1,918620,6.99
2571,844,2,469880,19.99
2572,844,3,390930,9.99
2573,845,1,708780,4.99
2574,845,2,560150,14.99
2575,846,1,612260,1.99
2576,847,1,568060,9.99
2577,848,1,891540,23.28
2578,848,2,914800,0.0
2579,848,3,933569,29.99
2580,849,1,841460,5.99
2581,849,2,453740,0.0
2582,850,1,343463,7.99
2583,850,2,272060,0.0
2584,851,1,375560,0.0
2585,851,2,496750,2.8
2586,851,3,448191,19.99
2587,851,4,639262,4.99
2588,851,5,1020520,0.0
2589,852,1,802970,0.49
2590,853,1,663380,15.99
2591,854,1,773500,2.49
2592,854,2,961840,66.73
2593,854,3,777360,1.99
2594,854,4,917240,0.0
2595,854,5,1019690,4.99
2596,855,1,642660,9.99
2597,856,1,10786,3.04
2598,856,2,448250,3.99
2599,856,3,364890,0.99
2600,856,4,880850,0.0
2601,857,1,666150,0.0
2602,857,2,293520,14.99
2603,857,3,388476,0.99
2604,858,1,329310,9.99
2605,858,2,605990,12.99
2606,858,3,978440,12.99
2607,859,1,572310,2.99
2608,859,2,833890,1.99
2609,859,3,1013110,4.99
2610,859,4,325110,2.09
2611,859,5,1050530,2.99
2612,860,1,1010710,1.39
2613,860,2,299180,4.99
2614,860,3,502990,3.99
2615,861,1,318320,0.0
2616,861,2,755800,0.0
2617,861,3,963400,0.0
2618,861,4,514400,4.99
2619,861,5,231505,1.99
2620,862,1,825090,34.99
2621,862,2,255910,4.99
2622,862,3,954620,0.0
2623,863,1,1069990,11.99
2624,863,2,4175,29.98
2625,863,3,646300,13.99
2626,863,4,894450,0.99
2627,864,1,645220,1.99
2628,864,2,412170,8.99
2629,864,3,332830,3.99
2630,864,4,95000,0.99
2631,865,1,930630,6.99
2632,866,1,432670,0.0
2633,867,1,343610,1.99
2634,867,2,564900,1.99
2635,867,3,363410,2.99
2636,867,4,215910,2.99
2637,868,1,813360,4.99
2638,868,2,714980,9.99
2639,869,1,953000,0.0
2640,869,2,574050,59.99
2641,869,3,1061920,0.0
2642,869,4,320383,1.99
2643,869,5,909430,9.99
2644,870,1,600560,0.0
2645,870,2,666690,0.99
2646,870,3,756870,0.99
2647,870,4,730900,0.99
2648,870,5,330590,5.99
2649,871,1,721480,9.99
2650,871,2,300080,0.0
2651,871,3,803590,3.99
2652,871,4,428250,6.99
2653,872,1,422890,0.0
2654,872,2,224980,6.99
2655,873,1,7390,10.78
2656,873,2,657120,0.99
2657,873,3,980880,5.99
2658,873,4,562690,9.99
2659,874,1,652810,0.0
2660,874,2,535733,7.99
2661,874,3,582810,9.99
2662,875,1,302970,4.99
2663,876,1,436609,2.99
2664,876,2,787630,1.38
2665,877,1,428920,4.99
2666,878,1,915540,2.99
2667,878,2,450790,2.99
2668,878,3,979463,9.99
2669,879,1,360390,4.99
2670,879,2,723610,0.0
2671,879,3,538823,2.99
2672,879,4,396173,2.99
2673,879,5,974701,3.99
2674,880,1,681511,2.99
2675,880,2,770510,3.99
2676,880,3,879600,14.99
2677,881,1,440950,5.83
2678,881,2,556100,1.99
2679,881,3,874240,0.0
2680,881,4,402300,9.99
2681,882,1,893180,19.99
2682,882,2,593431,0.0
2683,883,1,4566,14.98
2684,883,2,97367,0.99
2685,883,3,490,12.98
2686,884,1,13500,9.99
2687,884,2,674970,0.0
2688,885,1,331900,20.16
2689,885,2,903248,0.0
2690,886,1,486480,42.2
2691,886,2,389912,4.99
2692,886,3,7082,11.18
2693,887,1,238090,29.99
2694,887,2,520340,9.99
2695,887,3,323390,2.99
2696,887,4,222639,19.99
2697,887,5,658590,9.99
2698,888,1,588180,0.0
2699,888,2,716010,4.99
2700,888,3,417130,0.0
2701,889,1,891330,0.0
2702,889,2,785760,15.99
2703,889,3,416200,4.99
2704,889,4,489490,10.99
2705,890,1,971350,4.99
2706,890,2,235520,9.99
2707,890,3,9176,15.97
2708,890,4,31161,9.99
2709,890,5,1723,37.98
2710,891,1,296360,4.99
2711,892,1,390441,2.99
2712,892,2,774741,19.99
2713,892,3,828350,4.99
2714,892,4,6420,9.99
2715,892,5,1061850,6.99
2716,893,1,759010,2.99
2717,894,1,653720,77.51
2718,894,2,3095,251.58
2719,894,3,951470,19.99
2720,895,1,707850,6.71
2721,895,2,930870,13.62
2722,896,1,310390,29.99
2723,897,1,1007,2.49
2724,897,2,206060,4.99
2725,898,1,366849,5.99
2726,898,2,26300,4.99
2727,898,3,659710,2.99
2728,898,4,776790,6.99
2729,899,1,589930,3.99
2730,899,2,981710,3.99
2731,899,3,293920,6.79
2732,900,1,787170,1.99
2733,900,2,800020,0.99
2734,901,1,1001230,18.74
2735,901,2,894840,39.99
2736,901,3,707310,0.0
2737,901,4,661190,0.0
2738,902,1,972230,0.99
2739,902,2,1057020,3.99
2740,902,3,773370,0.0
2741,902,4,415400,2.99
2742,902,5,529630,3.99
2743,903,1,428830,2.99
2744,903,2,1104890,0.0
2745,903,3,698780,0.0
2746,904,1,357720,14.99
2747,904,2,371380,14.99
2748,904,3,888493,19.99
2749,905,1,364325,19.99
2750,905,2,549071,5.99
2751,905,3,427760,24.99
2752,905,4,886590,13.02
2753,906,1,748720,4.99
2754,906,2,311930,11.99
2755,906,3,1060910,0.0
2756,906,4,587150,0.99
2757,906,5,1085580,9.99
2758,907,1,349220,0.0
2759,907,2,569715,3.49
2760,908,1,390382,2.99
2761,908,2,329880,19.99
2762,908,3,399140,4.99
2763,908,4,231740,9.99
2764,908,5,488590,19.99
2765,909,1,316590,9.99
2766,909,2,3720,9.99
2767,910,1,618664,13.99
2768,911,1,816890,2.99
2769,911,2,357120,1.99
2770,911,3,786540,3.99
2771,912,1,750430,0.0
2772,912,2,453880,1.99
2773,912,3,694770,0.0
2774,913,1,2677,12.73
2775,913,2,348000,3.99
2776,914,1,966560,0.0
2777,914,2,277739,19.99
2778,914,3,953110,0.0
2779,915,1,545700,0.99
2780,916,1,210030,0.99
2781,916,2,220805,0.99
2782,916,3,928190,14.99
2783,916,4,348090,20.16
2784,917,1,551050,5.99
2785,917,2,34830,1.59
2786,917,3,820690,1.99
2787,918,1,6501,1.35
2788,918,2,271421,2.99
2789,918,3,298690,4.99
2790,918,4,1076610,0.0
2791,919,1,1510,9.99
2792,919,2,862910,4.99
2793,919,3,2100,9.99
2794,919,4,686910,4.99
2795,919,5,375200,9.99
2796,920,1,774891,0.99
2797,920,2,656260,14.99
2798,920,3,287630,29.99
2799,920,4,736180,0.99
2800,921,1,329270,0.0
2801,921,2,476880,8.06
2802,921,3,33460,14.99
2803,921,4,292984,1.99
2804,922,1,734510,9.99
2805,922,2,1040510,0.0
2806,923,1,222068,11.99
2807,923,2,796790,15.06
2808,923,3,219625,8.99
2809,923,4,828615,0.99
2810,923,5,8669,17.95
2811,924,1,2616,13.03
2812,924,2,1081330,14.99
2813,924,3,560370,1.02
2814,924,4,707110,1.99
2815,925,1,672590,12.99
2816,925,2,892295,4.99
2817,925,3,6177,43.95
2818,925,4,816490,2.99
2819,925,5,822650,11.85
2820,926,1,421050,42.94
2821,926,2,753759,2.99
2822,926,3,303800,1.49
2823,927,1,316446,4.99
2824,927,2,366331,14.99
2825,927,3,292800,6.99
2826,928,1,646310,4.99
2827,928,2,969030,19.96
2828,928,3,910931,0.0
2829,928,4,623080,9.99
2830,929,1,253900,6.99
2831,929,2,914410,6.99
2832,930,1,560380,0.0
2833,931,1,1011520,1.99
2834,931,2,312050,9.99
2835,931,3,10540,31.17
2836,932,1,1022415,0.99
2837,932,2,831040,0.0
2838,933,1,560250,14.99
2839,933,2,976360,1.99
2840,933,3,973840,29.99
2841,933,4,5702,89.57
2842,934,1,439241,9.99
2843,934,2,743100,9.99
2844,934,3,203140,19.99
2845,934,4,322580,9.99
2846,935,1,464760,10.49
2847,935,2,701470,0.99
2848,935,3,518650,5.99
2849,935,4,905750,1.99
2850,936,1,750920,0.0
2851,936,2,369820,2.99
2852,936,3,405830,19.99
2853,936,4,458460,0.0
2854,937,1,295590,5.99
2855,937,2,570810,2.99
2856,937,3,861871,4.99
2857,937,4,8803,2.22
2858,938,1,455590,3.99
2859,939,1,275125,4.99
2860,940,1,1011730,24.99
2861,941,1,1033482,3.99
2862,941,2,399460,0.99
2863,941,3,872280,0.0
2864,941,4,926350,13.99
2865,941,5,696030,2.99
2866,942,1,874140,0.99
2867,942,2,2273,3.98
2868,942,3,851360,9.99
2869,943,1,447300,0.99
2870,943,2,459010,8.99
2871,944,1,906260,0.0
2872,944,2,837720,2.99
2873,944,3,681780,4.99
2874,944,4,818710,0.0
2875,945,1,342820,2.99
2876,945,2,329190,0.99
2877,945,3,261550,0.0
2878,945,4,871940,0.0
2879,946,1,1000650,0.0
2880,946,2,959,95.95
2881,946,3,754520,4.99
2882,946,4,335430,0.0
2883,947,1,883680,15.99
2884,947,2,1032050,9.99
2885,947,3,806770,17.99
2886,948,1,538700,0.99
2887,948,2,708910,7.99
2888,948,3,670330,0.99
2889,948,4,441380,12.99
2890,949,1,780760,0.5
2891,950,1,9521,6.36
2892,951,1,939150,0.99
2893,951,2,10455,12.9
2894,951,3,339230,19.99
2895,952,1,687000,1.99
2896,952,2,709290,1.99
2897,953,1,354427,3.99
2898,954,1,477840,1.99
2899,954,2,7926,3.99
2900,954,3,874390,0.0
2901,954,4,3620,4.99
2902,955,1,675809,2.99
2903,955,2,542640,4.99
2904,955,3,511460,9.99
2905,955,4,744060,19.99
2906,955,5,366610,3.99
2907,956,1,732550,0.99
2908,956,2,913300,0.99
2909,956,3,625170,3.99
2910,956,4,566390,0.0
2911,956,5,840520,3.99
2912,957,1,854690,5.99
2913,957,2,834530,19.99
2914,958,1,446850,14.99
2915,958,2,778150,8.99
2916,958,3,859340,29.99
2917,959,1,512490,4.99
2918,959,2,756181,1.99
2919,959,3,359340,56.22
2920,959,4,776670,1.38
2921,959,5,673810,11.99
2922,960,1,1012940,0.0
2923,960,2,370660,5.99
2924,960,3,735600,5.99
2925,960,4,347230,6.99
2926,961,1,542240,9.99
2927,961,2,915870,2.99
2928,961,3,1091540,0.0
2929,961,4,894070,3.48
2930,961,5,631130,0.0
2931,962,1,504430,14.99
2932,962,2,591492,156.23
2933,962,3,419472,1.99
2934,962,4,964800,0.0
2935,962,5,489450,14.99
2936,963,1,362030,7.99
2937,963,2,697600,9.99
2938,964,1,640050,4.99
2939,964,2,335611,24.99
2940,965,1,6324,4.8
2941,965,2,495160,19.99
2942,965,3,721112,3.99
2943,965,4,505170,16.99
2944,966,1,589360,59.99
2945,966,2,789110,3.99
2946,966,3,759650,9.99
2947,966,4,695940,6.99
2948,967,1,360010,1.99
2949,968,1,278510,4.99
2950,968,2,7659,9.95
2951,968,3,271944,4.99
2952,968,4,1053130,4.99
2953,968,5,1079110,0.99
2954,969,1,489080,6.99
2955,969,2,337410,0.0
2956,969,3,2677,12.73
2957,969,4,65247,8.99
2958,970,1,542820,0.99
2959,970,2,952020,5.99
2960,971,1,583760,4.99
2961,971,2,207370,2.99
2962,971,3,951260,14.99
2963,972,1,383470,0.0
2964,973,1,825090,34.99
2965,973,2,626523,1.99
2966,973,3,871530,0.0
2967,974,1,574677,9.99
2968,974,2,333970,7.99
2969,974,3,772060,0.0
2970,975,1,440500,4.99
2971,975,2,686980,1.99
2972,975,3,433242,6.99
2973,976,1,222555,6.99
2974,976,2,659790,10.99
2975,977,1,720000,0.54
2976,978,1,1038730,7.32
2977,978,2,650840,110.8
2978,978,3,724030,0.99
2979,978,4,402260,14.99
2980,978,5,531240,4.99
2981,979,1,554500,2.99
2982,979,2,905200,0.99
2983,979,3,442500,9.99
2984,980,1,567980,6.99
2985,980,2,695810,8.99
2986,980,3,848370,4.99
2987,980,4,280320,4.99
2988,981,1,445262,36.99
2989,982,1,790260,7.99
2990,982,2,700600,0.0
2991,983,1,12810,9.99
2992,983,2,557730,2.99
2993,984,1,391310,1.99
2994,984,2,1003900,0.0
2995,984,3,349150,3.99
2996,984,4,862480,9.99
2997,985,1,922290,2.99
2998,986,1,712050,1.99
2999,986,2,711130,9.99
3000,986,3,210088,0.99
3001,987,1,342620,9.99
3002,987,2,1043860,0.0
3003,988,1,617820,9.99
3004,989,1,868390,5.99
3005,990,1,247020,9.99
3006,990,2,322520,49.99
3007,990,3,522651,1.99
3008,991,1,492973,2.99
3009,991,2,571520,4.99
3010,991,3,611820,0.0
3011,992,1,904210,10.99
3012,992,2,31250,19.99
3013,993,1,875630,0.99
3014,993,2,1029600,0.99
3015,993,3,530711,6.99
3016,994,1,6111,11.83
3017,994,2,314450,1.99
3018,994,3,513097,4.99
3019,995,1,666730,8.99
3020,995,2,800110,0.49
3021,995,3,336140,14.99
3022,995,4,354330,14.99
3023,995,5,521121,0.0
3024,996,1,1029470,3.99
3025,996,2,731930,1.99
3026,997,1,494526,24.99
3027,997,2,769800,0.0
3028,997,3,1054650,0.49
3029,998,1,36044,19.99
3030,998,2,469,9.99
3031,998,3,1026310,0.99
3032,998,4,493060,4.99
3033,998,5,6922,69.98
3034,999,1,874661,39.95
3035,999,2,1068570,0.0
3036,999,3,824480,1.99
3037,1000,1,296470,4.99
3038,1000,2,95900,5.99
3039,1000,3,658160,4.99
3040,1000,4,2656,38.45
3041,1000,5,467038,0.99
